{
  "non-fraud": {
    "1.8420680753952365": 0.5042735042735043,
    "3.684136150790473": 0.5494505494505495,
    "5.52620422618571": 0.6785714285714286,
    "7.368272301580946": 0.7411764705882353,
    "9.210340376976182": 0.7027027027027027,
    "11.05240845237142": 0.8695652173913043,
    "12.894476527766656": 0.9310344827586207,
    "14.736544603161892": 0.9166666666666666,
    "16.57861267855713": 0.92,
    "18.420680753952364": 1.0
  },
  "fraud": {
    "1.8420680753952365": 0.08695652173913043,
    "3.684136150790473": 0.13178294573643412,
    "5.52620422618571": 0.24861878453038674,
    "7.368272301580946": 0.3657142857142857,
    "9.210340376976182": 0.3707865168539326,
    "11.05240845237142": 0.5178571428571429,
    "12.894476527766656": 0.5357142857142857,
    "14.736544603161892": 0.5714285714285714,
    "16.57861267855713": 0.7352941176470589,
    "18.420680753952364": 0.7857142857142857
  }
}